James Harden,Hou,SG,PG
Karl-Anthony Towns,Min,C,
Kevin Durant,Bkn,SF,
Paul George,LAC,SF,
Giannis Antetokounmpo,Mil,PF,SF
Damian Lillard,Por,PG,
Nikola Jokic,Den,C,
Stephen Curry,GS,PG,
Bradley Beal,Wsh,SG,
Nikola Vucevic,Orl,C,
Kemba Walker,Bos,PG,
Joel Embiid,Phi,C,
Anthony Davis,LAL,PF,C
Kyrie Irving,Bkn,PG,
Rudy Gobert,Utah,C,
LaMarcus Aldridge,SA,PF,C
Tobias Harris,Phi,PF,SF
Andre Drummond,Det,C,
Russell Westbrook,Hou,PG,
Kawhi Leonard,LAC,SF,
Buddy Hield,Sac,SG,
Brook Lopez,Mil,C,
Jrue Holiday,NO,PG,SG
D'Angelo Russell,GS,PG,SG
Pascal Siakam,Tor,PF,
DeMar DeRozan,SA,SG,SF
Myles Turner,Ind,C,
Devin Booker,Phx,SG,
Klay Thompson,GS,SG,
Ben Simmons,Phi,PG,
Mike Conley,Utah,PG,
Jusuf Nurkic,Por,C,
Trae Young,Atl,PG,
Donovan Mitchell,Utah,SG,
Blake Griffin,Det,PF,
De'Aaron Fox,Sac,PG,
Danilo Gallinari,OKC,SF,PF
Eric Bledsoe,Mil,PG,
Marc Gasol,Tor,C,
Jimmy Butler,Mia,SG,SF
Al Horford,Phi,C,PF
Deandre Ayton,Phx,C,
Clint Capela,Hou,C,
Khris Middleton,Mil,SF,SG
Kyle Lowry,Tor,PG,
Montrezl Harrell,LAC,C,PF
Jayson Tatum,Bos,SF,PF
JaVale McGee,LAL,C,
Chris Paul,OKC,PG,
Julius Randle,NY,PF,
Jeremy Lamb,Ind,SG,SF
Zach LaVine,Chi,SG,
Joe Ingles,Utah,SF,
Serge Ibaka,Tor,PF,C
Jamal Murray,Den,PG,SG
Lou Williams,LAC,SG,
LeBron James,LAL,SF,PF
Jarrett Allen,Bkn,C,
DeAndre Jordan,Bkn,C,
Bojan Bogdanovic,Utah,SF,
Thaddeus Young,Chi,PF,SF
Darren Collison,Ind,PG,
JJ Redick,NO,SG,
Luka Doncic,Dal,SG,
Josh Richardson,Phi,SF,SG
Aaron Gordon,Orl,PF,
CJ McCollum,Por,SG,
Draymond Green,GS,PF,C
Jerami Grant,Den,SF,PF
Marcus Smart,Bos,SG,PG
Derrick Favors,NO,PF,C
Danny Green,LAL,SG,SF
John Collins,Atl,PF,
Terrence Ross,Orl,SG,SF
D.J. Augustin,Orl,PG,
Domantas Sabonis,Ind,PF,C
Bam Adebayo,Mia,C,
Malcolm Brogdon,Ind,SG,
Reggie Jackson,Det,PG,
Dewayne Dedmon,Sac,C,
Rudy Gay,SA,SF,PF
Nicolas Batum,Cha,SG,SF
Joe Harris,Bkn,SG,SF
Steven Adams,OKC,C,
Justin Holiday,Ind,SG,
Mitchell Robinson,NY,C,
Shai Gilgeous-Alexander,OKC,PG,
Jeff Green,Utah,PF,
Larry Nance Jr.,Cle,PF,
Thomas Bryant,Wsh,C,
Tomas Satoransky,Chi,SG,PG
Al-Farouq Aminu,Orl,PF,
Evan Fournier,Orl,SG,
Jordan Clarkson,Cle,SG,
Mikal Bridges,Phx,SF,
Dwight Powell,Dal,C,
Ricky Rubio,Phx,PG,
Jonathan Isaac,Orl,PF,
Paul Millsap,Den,PF,
PJ Tucker,Hou,SF,PF
Kelly Oubre Jr.,Phx,SF,
Marcus Morris,NY,PF,
Nemanja Bjelica,Sac,PF,
Enes Kanter,Bos,C,
Trevor Ariza,Sac,SF,
Gordon Hayward,Bos,SF,
Dennis Schroder,OKC,PG,
Kelly Olynyk,Mia,PF,C
Patrick Beverley,LAC,PG,
Willie Cauley-Stein,GS,C,
Marvin Williams,Cha,PF,
Monte Morris,Den,PG,
Lauri Markkanen,Chi,PF,
Harrison Barnes,Sac,SF,PF
Otto Porter Jr.,Chi,SF,
Spencer Dinwiddie,Bkn,PG,SG
Bogdan Bogdanovic,Sac,SG,
Kyle Kuzma,LAL,PF,SF
Jaren Jackson Jr.,Mem,PF,C
Kentavious Caldwell-Pope,LAL,SG,
Bryn Forbes,SA,SG,PG
Collin Sexton,Cle,PG,
Taj Gibson,NY,PF,
Derrick White,SA,PG,
Mason Plumlee,Den,C,
Dario Saric,Phx,PF,
Hassan Whiteside,Por,C,
Malik Beasley,Den,SG,
Jonas Valanciunas,Mem,C,
Delon Wright,Dal,PG,
Cedi Osman,Cle,SF,
Patty Mills,SA,PG,
Nerlens Noel,OKC,C,
Richaun Holmes,Sac,C,
Jabari Parker,Atl,PF,
Dwyane Wade,Mia,SG,
Tim Hardaway Jr.,Dal,SG,
Fred VanVleet,Tor,PG,
DeAndre' Bembry,Atl,SF,
Ryan Arcidiacono,Chi,PG,
Jae Crowder,Mem,SF,
Andrew Wiggins,Min,SF,SG
Eric Gordon,Hou,SG,
Davis Bertans,Wsh,PF,
Kevin Huerter,Atl,SG,
Cory Joseph,Sac,PG,SG
Robin Lopez,Mil,C,
Maxi Kleber,Dal,PF,
Derrick Rose,Det,PG,
Noah Vonleh,Min,PF,C
Kevon Looney,GS,PF,C
T.J. McConnell,Ind,PG,
JaMychal Green,LAC,PF,
Terry Rozier,Cha,PG,
Miles Bridges,Cha,SF,
Nikola Mirotic,Mil,PF,
Marvin Bagley III,Sac,PF,
Rodney Hood,Por,SG,SF
Justise Winslow,Mia,SF,
Kent Bazemore,Por,SG,SF
Taurean Prince,Bkn,SF,
T.J. Warren,Ind,SF,PF
Alex Len,Atl,C,
Marco Belinelli,SA,SG,SF
Jeremy Lin,Tor,PG,
Wesley Matthews,Mil,SF,SG
Josh Jackson,Mem,SF,
Cody Zeller,Cha,C,
Jaylen Brown,Bos,SG,SF
Dorian Finney-Smith,Dal,PF,SF
Andre Iguodala,Mem,SF,
Gorgui Dieng,Min,C,
Emmanuel Mudiay,Utah,PG,
Ivica Zubac,LAC,C,
Tyus Jones,Mem,PG,
Robert Covington,Min,SF,PF
Garrett Temple,Bkn,SG,SF
Jakob Poeltl,SA,C,
Reggie Bullock,NY,SF,
Maurice Harkless,LAC,SF,
Kris Dunn,Chi,PG,
Royce O'Neale,Utah,SF,
Landry Shamet,LAC,SG,
Ed Davis,Utah,PF,
Damyean Dotson,NY,SG,SF
Bobby Portis,NY,PF,
Zach Collins,Por,C,
Jeff Teague,Min,PG,
Gary Harris,Den,SG,
Wendell Carter Jr.,Chi,PF,
Rajon Rondo,LAL,PG,
Josh Hart,NO,SG,
Elfrid Payton,NY,PG,
Tyler Johnson,Phx,PG,
Gerald Green,Hou,SG,SF
Cheick Diallo,Phx,PF,C
John Wall,Wsh,PG,
DeMarcus Cousins,LAL,C,
Evan Turner,Atl,SF,SG
Victor Oladipo,Ind,SG,
Vince Carter,Atl,SF,
Darius Miller,NO,SF,
Jalen Brunson,Dal,PG,
Malik Monk,Cha,SG,
Pat Connaughton,Mil,SG,
Seth Curry,Dal,SG,
Josh Okogie,Min,SG,
Norman Powell,Tor,SG,SF
Jake Layman,Min,PF,
Brandon Ingram,NO,SF,SG
Alec Burks,GS,SG,
Jonas Jerebko,GS,PF,
Luke Kennard,Det,SG,
Allonzo Trier,NY,SG,
Shaquille Harrison,Chi,SG,PG
Kyle Anderson,Mem,SF,PF
Avery Bradley,LAL,SG,
E'Twaun Moore,NO,SF,SG
Torrey Craig,Den,SF,
Mike Muscala,OKC,C,PF
Justin Jackson,Dal,SF,
Lonzo Ball,NO,PG,
Rodions Kurucs,Bkn,PF,SF
Kyle Korver,Mil,SF,SG
George Hill,Mil,PG,
Dennis Smith Jr.,NY,PG,
Iman Shumpert,Hou,SF,SG
Langston Galloway,Det,SG,
Daniel Theis,Bos,C,PF
DeMarre Carroll,SA,SF,PF
Ersan Ilyasova,Mil,PF,
Wayne Ellington,NY,SG,
Jamal Crawford,Phx,SG,
Jahlil Okafor,NO,C,
Boban Marjanovic,Dal,C,
Michael Kidd-Gilchrist,Cha,SF,PF
Markieff Morris,Det,PF,
Doug McDermott,Ind,SF,
Shabazz Napier,Min,PG,
Tony Snell,Det,SG,
Trey Burke,Phi,PG,
Tyreke Evans,Ind,SG,
Terrance Ferguson,OKC,SG,
Meyers Leonard,Mia,C,
Juan Hernangomez,Den,SF,PF
Tristan Thompson,Cle,C,
De'Anthony Melton,Mem,PG,
Yogi Ferrell,Sac,SG,
Stanley Johnson,Tor,SF,
Kevin Knox,NY,SF,
James Johnson,Mia,PF,
Tim Frazier,Det,PG,
Quinn Cook,LAL,PG,
Lance Stephenson,LAL,SF,SG
Mario Hezonja,Por,SF,
James Ennis III,Phi,SF,
Aron Baynes,Phx,C,
Rodney McGruder,LAC,SG,
Ante Zizic,Cle,C,
Luke Kornet,Chi,C,PF
Mike Scott,Phi,PF,
Ish Smith,Wsh,PG,
Derrick Jones Jr.,Mia,SF,
OG Anunoby,Tor,SF,
Shaun Livingston,GS,PG,
Will Barton,Den,SF,
Goran Dragic,Mia,PG,
Caris LeVert,Bkn,SF,
Bruce Brown,Det,SG,
Austin Rivers,Hou,SG,
Wilson Chandler,Bkn,SF,PF
Danuel House Jr.,Hou,SG,
Mo Bamba,Orl,C,
Kenrich Williams,NO,SF,
Trey Lyles,SA,PF,
Wes Iwundu,Orl,SF,
Jordan Bell,Min,C,PF
Joakim Noah,Mem,C,
Bruno Caboclo,Mem,SF,
Willy Hernangomez,Cha,C,
Zaza Pachulia,Det,C,
Nik Stauskas,Cle,SG,
Kevin Love,Cle,PF,C
Sterling Brown,Mil,SG,SF
Thon Maker,Det,C,PF
Kenneth Faried,Hou,PF,
Devin Harris,Dal,SG,PG
Wayne Selden,Chi,SG,
Jared Dudley,LAL,PF,SF
Harry Giles III,Sac,PF,
Tony Parker,Cha,PG,
Anthony Tolliver,Por,PF,
Shelvin Mack,Cha,PG,
Dion Waiters,Mia,SG,
Marcin Gortat,LAC,C,
Khem Birch,Orl,C,
Jerian Grant,Orl,PG,
Dante Cunningham,SA,PF,SF
David Nwaba,Bkn,SG,SF
Frank Kaminsky,Phx,C,
Ian Clark,NO,SG,
Omari Spellman,GS,PF,
Jonah Bolden,Phi,PF,
Ivan Rabb,Mem,PF,C
Bismack Biyombo,Cha,C,
Alfonzo McKinnie,Cle,SF,
Frank Jackson,NO,PG,
Elie Okobo,Phx,PG,
J.J. Barea,Dal,PG,
Matthew Dellavedova,Cle,PG,
Allen Crabbe,Atl,SG,SF
Rondae Hollis-Jefferson,Tor,SF,PF
Cameron Payne,Tor,PG,
Thabo Sefolosha,Hou,SF,SG
Aaron Holiday,Ind,PG,
C.J. Miles,Wsh,SF,
Jonathon Simmons,Wsh,SF,
Amir Johnson,Phi,C,
Troy Daniels,LAL,SG,
Alex Caruso,LAL,SG,
Tyson Chandler,Hou,C,
Furkan Korkmaz,Phi,SG,
Sam Dekker,Wsh,PF,
Kyle O'Quinn,Phi,C,
D.J. Wilson,Mil,PF,
Georges Niang,Utah,PF,
Dwayne Bacon,Cha,SG,
Ekpe Udoh,Utah,C,
Gary Clark,Hou,PF,
Raul Neto,Phi,PG,
Robert Williams III,Bos,PF,
Dragan Bender,Mil,PF,
Frank Ntilikina,NY,PG,
T.J. Leaf,Ind,PF,
Chasson Randle,Wsh,PG,
Dante Exum,Utah,PG,
Damian Jones,Atl,C,
Cristiano Felicio,Chi,C,
Abdel Nader,OKC,SF,
Dirk Nowitzki,Dal,PF,
Omri Casspi,Mem,SF,
Solomon Hill,Mem,SF,
Salah Mejri,Dal,C,
Troy Brown Jr.,Wsh,SF,
Chandler Hutchison,Chi,SF,
Kadeem Allen,NY,PG,
Corey Brewer,Sac,SF,
Moritz Wagner,Wsh,PF,
Justin Anderson,Wsh,SF,
Brandon Knight,Cle,PG,
Patrick Patterson,LAC,PF,
Ian Mahinmi,Wsh,C,
Devonte' Graham,Cha,PG,
Nene Hilario,Hou,C,
Isaiah Canaan,Mil,PG,
Jevon Carter,Phx,PG,
Chandler Parsons,Atl,SF,
Brad Wanamaker,Bos,PG,
Jon Leuer,Mil,PF,
Kosta Koufos,Sac,C,
Jose Calderon,Det,PG,
Timothe Luwawu-Cabarrot,Cle,SF,
Luol Deng,Min,SF,
Pau Gasol,Por,C,
Chris Boucher,Tor,PF,
Lance Thomas,Bkn,PF,
Glenn Robinson III,GS,SF,SG
Ryan Broekhoff,Dal,SG,
Jordan McRae,Wsh,SG,
Damion Lee,GS,SG,
Alex Abrines,OKC,SG,
Antonio Blakeney,Chi,SG,
Christian Wood,Det,PF,
Raymond Felton,OKC,PG,
Treveon Graham,Min,SF,
Keita Bates-Diop,Min,SF,
Marquese Chriss,GS,PF,
Patrick McCaw,Tor,SG,
Greg Monroe,Phi,C,
Michael Beasley,LAC,PF,
Jaylen Adams,Mil,PG,
Tyler Dorsey,Mem,SG,
Donte DiVincenzo,Mil,SG,
Frank Mason III,Mil,PG,
Jaron Blossomgame,Hou,SF,
Courtney Lee,Dal,SG,
Wesley Johnson,Wsh,SF,
Quincy Pondexter,SA,SF,
Jerryd Bayless,Min,PG,
Jarell Martin,Cle,PF,
Michael Carter-Williams,Orl,PG,
John Henson,Cle,C,
Hamidou Diallo,OKC,SG,
Isaiah Hartenstein,Hou,PF,
MarShon Brooks,Chi,SG,
Channing Frye,Cle,C,
Troy Williams,Sac,SF,
Semi Ojeleye,Bos,PF,
Isaiah Briscoe,Orl,PG,
Johnathan Williams,LAL,C,
Alex Poythress,Atl,PF,
Henry Ellenson,Bkn,PF,
Cameron Reynolds,Mil,SG,
Guerschon Yabusele,Bos,PF,
Grayson Allen,Mem,SG,
Jerome Robinson,LAC,SG,
Markelle Fultz,Orl,PG,
Shake Milton,Phi,PG,
Andrew Bogut,GS,C,
JaKarr Sampson,Ind,PF,
Jason Smith,NO,C,
John Jenkins,NY,SG,
Sindarius Thornwell,Cle,SF,
Dillon Brooks,Mem,SF,
Carmelo Anthony,Chi,PF,SF
Walt Lemon Jr.,Ind,PG,
Dwight Howard,LAL,C,
Lorenzo Brown,Tor,SG,PG
Brandon Sampson,Chi,SG,
Drew Eubanks,SA,PF,
Theo Pinson,Bkn,SG,
Tyrone Wallace,Min,PG,
JR Smith,Cle,SG,
Julian Washburn,GS,SF,
Skal Labissiere,Por,PF,
Deonte Burton,OKC,SG,
Jalen Jones,Wsh,SF,
Sviatoslav Mykhailiuk,Det,SF,
Jemerrio Jones,Mil,SF,
Andrew Harrison,GS,PG,
Deyonta Davis,Hou,C,
Ray Spalding,Hou,PF,
Devin Robinson,Tor,SF,
Miles Plumlee,Mem,C,
Jodie Meeks,Tor,SG,
Amile Jefferson,Orl,PF,
Ben McLemore,Hou,SG,
Daniel Hamilton,Cle,SG,
Milos Teodosic,LAC,PG,
Tyler Zeller,Den,C,
Lonnie Walker IV,SA,SG,
C.J. Williams,Bkn,SF,
Johnathan Motley,LAC,PF,
Bonzie Colson,Mil,PF,
Marcus Derrickson,Atl,SF,
Ryan Anderson,Hou,PF,
Caleb Swanigan,Sac,PF,
Edmond Sumner,Ind,SG,
Jacob Evans,GS,SG,
Zhaire Smith,Phi,SG,
Duncan Robinson,Mia,SF,
Demetrius Jackson,LAL,PG,
Deng Adel,Bkn,SF,
Chimezie Metu,SA,C,
Khyri Thomas,Det,SG,
Malcolm Miller,Tor,SF,
BJ Johnson,Atl,SF,
Jarred Vanderbilt,Den,PF,
Gary Payton II,Wsh,PG,
Ron Baker,Wsh,SG,
Jordan Loyd,Tor,PG,
James Nunnally,Hou,SG,
Isaiah Hicks,NY,PF,
Tony Bradley,Utah,C,
Tyler Lydon,Sac,PF,
Eric Moreland,OKC,PF,
Billy Garrett Jr.,NY,SG,
Mitchell Creek,Min,SF,
Naz Mitrou-Long,Ind,SG,
Quincy Acy,Phx,PF,
Anfernee Simons,Por,SG,
Alan Williams,Bkn,PF,C
Scott Machado,LAL,PG,
Jimmer Fredette,Phx,SG,
Troy Caupain,Por,SG,
PJ Dozier,Den,PG,
Thomas Welsh,Cha,C,
Malachi Richardson,Phi,SG,
RJ Hunter,Bos,SG,
Davon Reed,Mia,SG,
Wade Baldwin IV,Ind,PG,
Jawun Evans,OKC,PG,
Emanuel Terry,Mia,PF,
Chris Chiozza,Wsh,PG,
Jaylen Morris,Mil,SG,
Yuta Watanabe,Mem,SF,
Nick Young,Den,SG,
Trevon Duval,Hou,PG,
Rawle Alkins,Chi,SG,
Brandon Goodwin,Atl,PG,
Tyler Cavanaugh,Utah,PF,
Daryl Macon,Mia,SG,
Kalin Lucas,Det,PG,
Jordan Sibert,Atl,SG,
Isaac Bonga,Wsh,SF,
DJ Stephens,Mem,SG,
Dusty Hannahs,Mem,SG,
Zhou Qi,Hou,C,
DeVaughn Akoon-Purcell,OKC,SG,
Justin Patton,OKC,C,
Isaiah Thomas,Wsh,PG,
Udonis Haslem,Mia,PF,
Jared Terrell,Min,SG,
Yante Maten,Bos,PF,
Isaac Humphries,Orl,C,
Zach Lofton,Det,SG,
Luc Mbah a Moute,LAC,SF,
George King,Phx,SF,
Scotty Hopson,OKC,SG,
Richard Solomon,OKC,PF,
Keenan Evans,Det,SG,
Cody Demps,Sac,PG,
Jonathan Gibson,Bos,PG,
John Holland,Cle,SG,
Wenyen Gabriel,Sac,PF,
Trevon Bluiett,Utah,SG,
Kobi Simmons,Cha,PG,
Ike Anigbogu,Ind,C,
Vincent Edwards,OKC,SF,
Joe Chealey,Cha,PG,
J.P. Macura,Cle,SG,
Tyler Davis,OKC,C,
Okaro White,Wsh,PF,
Tahjere McCall,Atl,SG,
Dzanan Musa,Bkn,SF,
Donte Grantham,LAC,SF,
Angel Delgado,LAC,C,
Alize Johnson,Ind,PF,
Haywood Highsmith,Phi,SF,
Donatas Motiejunas,SA,PF,
Andre Ingram,LAL,SG,
Terrence Jones,Hou,PF,
Kostas Antetokounmpo,LAL,PF,
Gary Trent Jr.,Por,SG,
Melvin Frazier Jr.,Orl,SF,
Sonny Weems,Phi,SG,
Bobby Brown,Hou,PG,
Anthony Morrow,Por,SG,
Michael Cobbins,OKC,PF,
Markel Brown,OKC,SG,
Jalen McDaniels,Cha,PF,SF
Phil Pressey,GS,PG,
Arnoldas Kulboka,Cha,SF,
Vlatko Cancar,Den,SF,
Willie Reed,Chi,C,
Chris Johnson,Hou,SF,
Tim Quarterman,Hou,SG,
Josh Magette,Orl,PG,
Sim Bhullar,Sac,C,
Ja Morant,Mem,PG,
Xavier Rathan-Mayes,NY,PG,
Miye Oni,Utah,SG,
Ben Moore,SA,PF,
Will Cherry,GS,SG,
Jarell Eddie,Chi,SF,
Petr Cornelie,Den,PF,
Juan Vaulet,Bkn,SF,
Isaiah Taylor,Tor,PG,
Joel Bolomboy,Mil,PF,
Xavier Munford,Mil,SG,
Devon Hall,OKC,PG,
London Perrantes,Por,PG,
Cady Lalanne,SA,C,
Tyler Ennis,LAL,PG,
Chinanu Onuaku,Por,PF,
Jamel Artis,LAC,SG,
Semaj Christon,OKC,PG,
Jarnell Stokes,Mem,PF,
Ognjen Jaramaz,NY,PG,
Mathias Lessort,LAC,PF,
Wang Zhelin,Mem,C,
Georgios Papagiannis,Por,C,
Isaia Cordinier,Atl,SG,
Caron Butler,Sac,SF,
Mike Dunleavy,Atl,SG,
Vince Hunter,Mem,PF,
Drew Gooden,Wsh,PF,
Nikola Milutinov,SA,C,
Tayshaun Prince,Min,SF,
Amar'e Stoudemire,Mia,PF,
Luka Samanic,SA,PF,
Sekou Doumbouya,Det,PF,
Bryce Cotton,Mem,SG,
Matt Barnes,GS,SF,
Rasual Butler,Min,SG,
Jarrett Culver,Min,SG,
Sir'Dominic Pointer,Cle,SG,
Shabazz Muhammad,Mil,SF,
Nigel Hayes,Sac,SF,
Luis Scola,Bkn,PF,
Jordan Adams,Mem,SG,
Vander Blue,LAL,SG,
Bruno Fernando,Atl,PF,
Russ Smith,Mem,PG,
David Michineau,LAC,SG,
Jordan Poole,GS,SG,
Eric Atkins,Utah,PG,
Rade Zagorac,Mem,SG,
Anzejs Pasecniks,Wsh,C,
DeAndre Daniels,FA,SF,
Michael Porter Jr.,Den,SF,
Damien Inglis,NY,SF,
Thanasis Antetokounmpo,Mil,SF,
Kristaps Porzingis,Dal,PF,
Darius Garland,Cle,PG,
Keith Appling,Orl,PG,
Quinndary Weatherspoon,SA,SG,
Alpha Kaba,Atl,PF,
Darius Bazley,OKC,SF,
Paul Zipser,Chi,SF,
Malik Newman,Mia,SG,
Aleksandar Vezenkov,Bkn,PF,
Pierre Jackson,Dal,PG,
Adreian Payne,Orl,PF,
Arturas Gudaitis,Cle,C,
Nickeil Alexander-Walker,NO,SG,
Daniel Gafford,Chi,C,PF
Chuma Okeke,Orl,PF,
Stephen Zimmerman,LAL,C,
Nicolas Claxton,Bkn,PF,
Darrun Hilliard,SA,SF,
DeJuan Blair,Phx,C,
PJ Washington,Cha,PF,
Tremont Waters,Bos,PG,
Chase Budinger,Bkn,SF,
Tyler Harvey,Mem,SG,
Toney Douglas,Cle,PG,
Romeo Langford,Bos,SG,
Tyler Hansbrough,Cha,PF,
Gerald Henderson,Phi,SG,
Jordan Hill,Min,PF,
Brandon Jennings,Mil,PG,
Edy Tavares,Cle,C,
Ty Lawson,Wsh,PG,
Jeff Ayres,LAC,PF,
Matisse Thybulle,Phi,SG,
Dejounte Murray,SA,PG,
Marcus Thornton,Bkn,SG,
Lucas Nogueira,Tor,C,
Kevin Hervey,OKC,SF,
Chris Bosh,Mia,PF,
Nick Collison,OKC,PF,
Kirk Hinrich,Atl,SG,
Chris Kaman,Por,C,
Justin Wright-Foreman,Utah,PG,
Steve Blake,Det,PG,
Matt Bonner,SA,PF,
Erik McCree,Utah,SF,
Dahntay Jones,Cle,SG,
James Jones,Cle,SF,
James Michael McAdoo,Phi,PF,
P.J. Hairston,Hou,SG,
Kendrick Perkins,Cle,C,
Luis Montero,Det,SG,
Daniel Diez,Por,SG,
Talen Horton-Tucker,LAL,SG,SF
Kevin Porter Jr.,Cle,SG,
Metta World Peace,LAL,SF,
Sheldon Mac,Atl,SG,
Anthony Brown,Phi,SF,
Mitchell Watt,FA,PF,
Josh Huestis,SA,SF,
Nick Johnson,SA,SG,
Jaxson Hayes,NO,C,
Pablo Prigioni,Hou,PG,
Kostas Papanikolaou,Den,PF,
Patrick Christopher,Utah,SG,
Bol Bol,Den,C,
Leandro Barbosa,Phx,SG,
Boris Diaw,Utah,PF,
David West,GS,PF,
Mo Williams,Atl,PG,
Reggie Williams,NO,SF,
Alonzo Gee,NO,SF,
Marcos Louzada Silva,NO,SG,
Deividas Sirvydis,Det,SF,
James Anderson,Sac,SG,
Jordan Crawford,NO,SG,
Maurice Ndour,NY,SF,
Luke Babbitt,Mia,SF,
Rashad Vaughn,Dal,SF,
Larry Sanders,Cle,C,
Cole Aldrich,Atl,C,
Trevor Booker,Ind,PF,
KZ Okpala,Mia,SF,
Tibor Pleiss,Phi,C,
Jaylen Hands,Bkn,PG,
Kevin Seraphin,Ind,C,
Greivis Vasquez,Bkn,PG,
Cliff Alexander,NO,PF,
Elliot Williams,GS,SG,
Jeremy Evans,Atl,SF,
Gian Clavell,Dal,SG,
Timofey Mozgov,Orl,C,
Alen Smailagic,GS,PF,
Gary Neal,Atl,PG,
Donald Sloan,Den,PG,
Ignas Brazdeikis,NY,PF,
Elijah Millsap,Den,SG,
Terance Mann,LAC,SF,
Nicolo Melli,NO,PF,
Kevin Garnett,Min,PF,
Manny Harris,Dal,SG,
Jabari Brown,Mil,SG,
Justin James,Sac,SG,
Manu Ginobili,SA,SG,
Olivier Hanlan,SA,PG,
Lavoy Allen,Wsh,PF,
Norris Cole,OKC,PG,
Mirza Teletovic,Mil,PF,
Andrew Goudelock,Hou,PG,
Jordan Hamilton,NO,SG,
Andre Dawkins,Bos,SG,
Justin Harper,Phi,SF,
DeAndre Liggins,Mia,SF,
Jameel Warney,Dal,PF,
Tony Allen,NO,SF,
Luka Mitrovic,Phi,SF,
Kyle Singler,OKC,SF,
Dimitrios Agravanis,Sac,PF,
Eric Paschall,GS,PF,
Sean Kilpatrick,Chi,SG,
Dewan Hernandez,Tor,C,
Jaylen Nowell,Min,SG,
Erick Green,Den,PG,
Derrick Williams,LAL,PF,
Marcus Georges-Hunt,Bos,SG,
Al Jefferson,Ind,C,
Kevin Martin,SA,SG,
Mfiondu Kabengele,LAC,PF,
Joffrey Lauvergne,SA,C,
Emeka Okafor,Phi,C,
Jerrelle Benimon,Utah,PF,
Xavier Silas,Den,SG,
Jack Cooley,Sac,PF,
Sergey Karasev,Bkn,SG,
Dwight Buycks,Det,PG,
Josh Smith,NO,SF,
Ryan Kelly,Atl,SF,
Anderson Varejao,GS,C,
Sasha Vujacic,NY,SG,
Travis Wear,LAL,SF,
David Wear,Sac,PF,
Charles Cooke,Mia,SG,
Kris Humphries,Phi,PF,
Greg Smith,Min,C,
Aaron White,Wsh,SF,
Jameer Nelson,Det,PG,
Brice Johnson,Det,PF,
Marcus Paige,Cha,PG,
Julyan Stone,Chi,SG,
Milton Doyle,Chi,SG,
Ty Jerome,Phx,PG,
Beno Udrih,Det,PG,
De'Andre Hunter,Atl,SF,
Kyle Guy,Sac,SG,
Antonius Cleveland,Dal,SG,
Mike Tobey,Cha,C,
Rodney Purvis,Mia,SG,
J.P. Tokoto,NY,SG,
Alan Anderson,LAC,SF,
Lamar Patterson,Atl,SG,
Furkan Aldemir,Phi,PF,
Branden Dawson,Orl,SF,
Jared Cunningham,GS,SG,
Festus Ezeli,Por,C,
Justin Hamilton,Bkn,C,
Briante Weber,Mia,PG,
Orlando Johnson,Mil,SG,
Damien Wilkins,Ind,SF,
Kendall Marshall,Mil,PG,
Jabari Bird,Atl,SG,
Andrew Nicholson,Bkn,PF,
Thomas Robinson,Atl,PF,
Robert Sacre,NO,C,
Jared Sullinger,Phx,C,
Marquis Teague,Mem,PG,
Tony Wroten,Mem,PG,
Arinze Onuaku,Orl,PF,
Hollis Thompson,Sac,SF,
Chris Copeland,NO,SF,
Brian Roberts,Cha,PG,
Henry Sims,Utah,C,
Mindaugas Kuzminskas,NY,PF,
RJ Barrett,NY,SG,SF
Andre Miller,SA,PG,
Zion Williamson,NO,PF,
Cam Reddish,Atl,SF,SG
Cory Jefferson,Phi,PF,
Nazr Mohammed,OKC,C,
Alex Stepheson,Mem,PF,
Nassir Little,Por,SF,
Coby White,Chi,PG,
Kyle Wiltjer,Tor,PF,
Marcus Eriksson,Atl,SG,
Cody Martin,Cha,SG,
Axel Toupane,NO,SG,
Joel Berry II,LAL,PG,
Nigel Williams-Goss,Utah,PG,
Satnam Singh Bhamara,Dal,C,
Nikola Radicevic,Den,PG,
Brandon Paul,SA,SG,
Jarrell Brantley,Utah,PF,
KJ McDaniels,OKC,SF,
Marshall Plumlee,Mil,C,
Johnny O'Bryant III,NY,PF,
Michael Gbinije,GS,SG,
Admiral Schofield,Wsh,SF,
Reggie Hearn,LAL,SG,
Louis Labeyrie,FA,PF,
Tyler Herro,Mia,SG,
Keldon Johnson,SA,SF,SG
Shayne Whittington,Ind,C,
Paul Pierce,LAC,SF,
Patric Young,NO,C,
Jordan Mickey,Mia,PF,
Shawn Long,Hou,PF,
Dakari Johnson,Mem,C,
Tyler Ulis,Sac,PG,
Nate Wolters,Utah,PG,
James Young,Mil,SG,
Aaron Harrison,Dal,SG,
Marial Shayok,Phi,SG,
Jamil Wilson,LAC,PF,
Cameron Johnson,Phx,SF,
Derrick Walton Jr.,LAC,PG,
Brandon Bass,LAC,PF,
Monta Ellis,Ind,SG,
CJ Wilcox,Ind,SG,
Jarrett Jack,NO,PG,
David Lee,SA,PF,
Nate Robinson,NO,PG,
Charlie Villanueva,Dal,PF,
Deron Williams,Cle,PG,
Ronnie Price,Phx,PG,
Malcolm Delaney,Atl,PG,
Devyn Marble,GS,SG,
Chuck Hayes,Hou,PF,
Zoran Dragic,Bos,SG,
Marcelo Huertas,Hou,PG,
Myke Henry,OKC,SF,
John Lucas III,Min,PG,
Nicolas Laprovittola,SA,SG,
Jason Terry,Mil,SG,
James Webb III,Bkn,PF,
Issuf Sanon,Wsh,PG,
Isaiah Cousins,Utah,SG,
Jacob Wiley,Bkn,SF,
Goga Bitadze,Ind,C,
Vanja Marinkovic,Sac,SG,
Andrew White III,Atl,SG,
Mike James,NO,PG,
Jarrod Uthoff,Mem,PF,
Daniel Ochefu,Wsh,PF,
Mitch McGary,OKC,PF,
Andrea Bargnani,Bkn,PF,
Grant Williams,Bos,PF,
Jordan Bone,Det,PG,
Jorge Gutierrez,Den,PG,
Jordan Farmar,Sac,PG,
Randy Foye,Bkn,SG,
Ryan Hollins,Wsh,C,
Grant Jerrett,Por,PF,
Drew Gordon,Phi,PF,
Diamond Stone,Chi,C,
Steve Novak,Mil,PF,
Sergio Rodriguez,Phi,PG,
Larry Drew II,Det,SG,
Duje Dukan,Sac,PF,
Marcus Thornton,Cle,SG,
Lou Amundson,NY,PF,
Richard Jefferson,Den,SF,
Joe Johnson,Det,SG,
Ben Bentil,Dal,PF,
Zach Randolph,Dal,PF,
Mangok Mathiang,Cha,PF,
Aaron Craft,FA,SG,
Josh Gray,NO,PG,
Damjan Rudez,Orl,SF,
Isaiah Whitehead,Det,PG,
Justin Jackson,Orl,SF,
AJ Hammons,Mia,C,
Kyle Collinsworth,Utah,SG,
Coty Clarke,Bos,PF,
Alec Peters,Phx,PF,
J.J. O'Brien,Mil,SF,
Kay Felder,Tor,PG,
Jacob Pullen,Phi,PG,
Joe Young,Ind,PG,
Tarik Black,Hou,C,
Cleanthony Early,NY,SF,
Dee Bost,FA,PG,
Carsen Edwards,Bos,PG,
Chris Andersen,Cle,C,
Brandon Clarke,Mem,PF,
Tony Carr,NO,PG,
Arron Afflalo,Orl,SG,
Aaron Brooks,Min,PG,
Cameron Bairstow,Det,PF,
Isaiah Roby,Dal,PF,
Jeff Withey,Dal,C,
Alex Kirk,Cle,C,
Spencer Hawes,Mil,C,
Carl Landry,Phi,PF,
Josh McRoberts,Dal,PF,
Archie Goodwin,Por,SG,
Ray McCallum,Det,PG,
Ramon Sessions,Wsh,PG,
Tiago Splitter,Phi,PF,
Rodney Stuckey,Ind,SG,
Matt Williams Jr.,Mia,SG,
Brandan Wright,Hou,PF,
Joel Anthony,Mil,C,
C.J. Watson,Orl,PG,
Matt Costello,SA,PF,
Denzel Valentine,Chi,SG,SF
Dylan Windler,Cle,SF,
Nicolas Brussino,Atl,SG,
Alec Brown,FA,C,
David Stockton,LAL,PG,
Shane Larkin,Bos,PG,
Rakeem Christmas,Ind,PF,
Trey McKinney-Jones,Ind,SG,
Chris McCullough,Det,PF,
Andre Roberson,OKC,SG,
Alexis Ajinca,LAC,C,
Darrell Arthur,Phx,PF,
Omer Asik,Chi,C,
Anthony Bennett,Hou,PF,
Mario Chalmers,Mem,PG,
Eric Griffin,Utah,SF,
Roy Hibbert,Den,C,
JJ Hickson,Wsh,PF,
Sasha Kaun,Cle,C,
O.J. Mayo,Mil,SG,
Nikola Pekovic,Min,C,
Rui Hachimura,Wsh,PF,SF
Brandon Rush,Por,SG,
Marreese Speights,Orl,C,
Jason Thompson,Tor,PF,
Terence Davis,Tor,SG,
Kendrick Nunn,Mia,SG,
Zach Norvell Jr.,LAL,SG,